"Data Source","World Development Indicators",

"Country Name","Country Code","Indicator Name","Indicator Code","1960","1961","1962","1963","1964","1965","1966","1967","1968","1969","1970","1971","1972","1973","1974","1975","1976","1977","1978","1979","1980","1981","1982","1983","1984","1985","1986","1987","1988","1989","1990","1991","1992","1993","1994","1995","1996","1997","1998","1999","2000","2001","2002","2003","2004","2005","2006","2007","2008","2009","2010","2011","2012","2013","2014",
"Aruba","ABW","Refugee population by country or territory of origin","SM.POP.REFG.OR","","","","","","","","","","","","","","","","","","","","","","","","","","","","","","","","","","","","","","","","","","","","","","","","","","","","","","","",
"Andorra","AND","Refugee population by country or territory of origin","SM.POP.REFG.OR","","","","","","","","","","","","","","","","","","","","","","","","","","","","","","","","","","","2","2","3","1","2","1","2","1","10","10","3","9","10","9","6","6","6","6","7","","",
"Afghanistan","AFG","Refugee population by country or territory of origin","SM.POP.REFG.OR","","","","","","","","","","","","","","","","","","","","","","","","","","","","","","","6339095","6306301","4552153","3374576","2731169","2679133","2674236","2676674","2667115","2568243","3587336","3809767","2510285","2136043","2414476","2166149","2107519","3055698","2833128","2887123","3054709","2664436","2586152","","",
"Angola","AGO","Refugee population by country or territory of origin","SM.POP.REFG.OR","","","","","","","","","","","","","","","","","","","","","","","","","","","","","","","407760","381636","300492","323831","282577","246657","249687","267696","319430","350645","433760","470625","435421","329583","228858","215827","206501","186155","171393","141021","134858","128664","19258","","",
"Albania","ALB","Refugee population by country or territory of origin","SM.POP.REFG.OR","","","","","","","","","","","","","","","","","","","","","","","","","","","","","","","1822","3540","4353","4744","5019","5803","5785","5379","5353","4325","6802","7626","10761","10385","10478","12722","14079","15340","15006","15711","14772","13551","12568","","",
"Arab World","ARB","Refugee population by country or territory of origin","SM.POP.REFG.OR","","","","","","","","","","","","","","","","","","","","","","","","","","","","","","","2212498","2408680","2614885","1906599","2001784","2005056","2035564","1864336","1806135","1715670","1672736","1873009","1895573","1831115","1880614","1797793","3023894","3722824","3328247","3029306","3034372","3205416","3359110","","",
"United Arab Emirates","ARE","Refugee population by country or territory of origin","SM.POP.REFG.OR","","","","","","","","","","","","","","","","","","","","","","","","","","","","","","","","","","","","","","4","7","10","16","18","31","20","71","30","265","308","256","414","424","486","584","","",
"Argentina","ARG","Refugee population by country or territory of origin","SM.POP.REFG.OR","","","","","","","","","","","","","","","","","","","","","","","","","","","","","","","334","198","113","98","469","330","217","159","142","472","609","659","771","784","796","856","894","1171","1047","608","557","518","447","","",
"Armenia","ARM","Refugee population by country or territory of origin","SM.POP.REFG.OR","","","","","","","","","","","","","","","","","","","","","","","","","","","","","","","1","1","195003","200116","201842","201442","203231","203690","193150","192230","5786","7206","13246","13162","13411","13965","14917","15436","16336","18000","17547","16487","15935","","",
"American Samoa","ASM","Refugee population by country or territory of origin","SM.POP.REFG.OR","","","","","","","","","","","","","","","","","","","","","","","","","","","","","","","","","","","","","","","","","","","","","","","","","","","","","","","",
"Antigua and Barbuda","ATG","Refugee population by country or territory of origin","SM.POP.REFG.OR","","","","","","","","","","","","","","","","","","","","","","","","","","","","","","","","","","","","","","1","2","1","1","4","5","5","8","13","19","25","26","28","30","32","45","","",
"Australia","AUS","Refugee population by country or territory of origin","SM.POP.REFG.OR","","","","","","","","","","","","","","","","","","","","","","","","","","","","","","","","","","","2","1","1","2","1","3","3","1","10","15","13","44","29","63","43","28","37","39","48","","",
"Austria","AUT","Refugee population by country or territory of origin","SM.POP.REFG.OR","","","","","","","","","","","","","","","","","","","","","","","","","","","","","","","","","","","60","49","52","55","60","16","35","29","72","66","47","66","34","23","14","12","10","11","12","","",
"Azerbaijan","AZE","Refugee population by country or territory of origin","SM.POP.REFG.OR","","","","","","","","","","","","","","","","","","","","","","","","","","","","","","","","","300000","328005","299095","200520","236086","234950","329657","310353","284277","268759","260217","253255","250589","233675","126068","15916","16319","16939","16753","16162","15537","","",
"Burundi","BDI","Refugee population by country or territory of origin","SM.POP.REFG.OR","","","","","","","","","","","","","","","","","","","","","","","","","","","","","","","191622","223946","184135","871382","389706","350582","428680","519123","502568","526392","568084","553999","574555","531637","485454","438706","396541","375715","281592","94239","84064","101288","73363","","",
"Belgium","BEL","Refugee population by country or territory of origin","SM.POP.REFG.OR","","","","","","","","","","","","","","","","","","","","","","","","","","","","","","","","","","","2","3","5","10","14","6","19","13","27","40","45","95","64","60","61","71","83","90","93","","",
"Benin","BEN","Refugee population by country or territory of origin","SM.POP.REFG.OR","","","","","","","","","","","","","","","","","","","","","","","","","","","","","","","2","4","4","68","77","54","46","46","56","41","54","55","232","282","309","411","215","271","318","411","442","461","457","","",
"Burkina Faso","BFA","Refugee population by country or territory of origin","SM.POP.REFG.OR","","","","","","","","","","","","","","","","","","","","","","","","","","","","","","","2","8","61","63","67","63","72","118","103","73","130","98","978","853","583","607","377","558","725","990","1145","1271","1460","","",
"Bangladesh","BGD","Refugee population by country or territory of origin","SM.POP.REFG.OR","","","","","","","","","","","","","","","","","","","","","","","","","","","","","","","477","611","53921","57158","56199","56956","57959","44373","4658","2770","5401","5548","5790","5565","5731","7304","7803","10243","10098","10432","10049","10056","10161","","",
"Bulgaria","BGR","Refugee population by country or territory of origin","SM.POP.REFG.OR","","","","","","","","","","","","","","","","","","","","","","","","","","","","","","","1922","2735","2981","3155","4689","4156","3246","3048","3122","2045","2404","2121","2841","2567","2239","4254","3438","3311","3040","2745","2559","2327","2147","","",
"Bahrain","BHR","Refugee population by country or territory of origin","SM.POP.REFG.OR","","","","","","","","","","","","","","","","","","","","","","","","","","","","","","","39","52","53","60","75","71","63","82","97","105","95","46","49","52","52","41","62","73","80","79","87","215","297","","",
"Bahamas, The","BHS","Refugee population by country or territory of origin","SM.POP.REFG.OR","","","","","","","","","","","","","","","","","","","","","","","","","","","","","","","","","","","","","","","1","1","1","0","1","1","1","1","14","14","15","15","17","185","196","","",
"Bosnia and Herzegovina","BIH","Refugee population by country or territory of origin","SM.POP.REFG.OR","","","","","","","","","","","","","","","","","","","","","","","","","","","","","","","","","437501","618427","776084","769753","993868","849241","640075","554419","474981","447321","406326","300006","228815","109930","199946","78273","74366","70018","63004","58578","51822","","",
"Belarus","BLR","Refugee population by country or territory of origin","SM.POP.REFG.OR","","","","","","","","","","","","","","","","","","","","","","","","","","","","","","","","","","2","37","84","501","303","290","1431","2519","3696","6364","7815","8231","8857","9371","4970","5384","5525","5743","5925","6191","","",
"Belize","BLZ","Refugee population by country or territory of origin","SM.POP.REFG.OR","","","","","","","","","","","","","","","","","","","","","","","","","","","","","","","","","","","8","8","3","","","11","12","0","1","10","9","8","18","17","20","17","23","32","39","","",
"Bermuda","BMU","Refugee population by country or territory of origin","SM.POP.REFG.OR","","","","","","","","","","","","","","","","","","","","","","","","","","","","","","","","","","","","","","","1","","1","1","1","0","0","2","0","0","","0","0","0","0","","",
"Bolivia","BOL","Refugee population by country or territory of origin","SM.POP.REFG.OR","","","","","","","","","","","","","","","","","","","","","","","","","","","","","","","731","67","28","41","177","180","177","161","183","116","175","156","215","264","285","269","374","428","454","573","590","611","618","","",
"Brazil","BRA","Refugee population by country or territory of origin","SM.POP.REFG.OR","","","","","","","","","","","","","","","","","","","","","","","","","","","","","","","14","11","11","12","41","53","85","104","136","169","224","254","441","378","403","370","707","1624","1404","973","994","1045","1076","","",
"Barbados","BRB","Refugee population by country or territory of origin","SM.POP.REFG.OR","","","","","","","","","","","","","","","","","","","","","","","","","","","","","","","","","","","4","3","2","3","5","2","8","7","9","11","7","8","28","38","34","29","32","45","55","","",
"Brunei Darussalam","BRN","Refugee population by country or territory of origin","SM.POP.REFG.OR","","","","","","","","","","","","","","","","","","","","","","","","","","","","","","","","","","","","3","","","","","","","2","1","1","49","2","2","1","1","1","1","1","","",
"Bhutan","BTN","Refugee population by country or territory of origin","SM.POP.REFG.OR","","","","","","","","","","","","","","","","","","","","","","","","","","","","","","","","9504","75442","85334","103271","104750","106822","108703","105689","107595","108945","110845","112523","103978","105255","106537","108073","110598","104965","89070","75070","57989","41590","","",
"Botswana","BWA","Refugee population by country or territory of origin","SM.POP.REFG.OR","","","","","","","","","","","","","","","","","","","","","","","","","","","","","","","3","3","3","4","21","25","23","17","16","","3","2","5","5","6","4","11","16","26","30","53","85","127","","",
"Central African Republic","CAF","Refugee population by country or territory of origin","SM.POP.REFG.OR","","","","","","","","","","","","","","","","","","","","","","","","","","","","","","","100","320","325","313","266","242","240","149","173","175","139","28704","25376","35400","31069","42890","71685","98104","125106","159554","164905","162862","164568","","",
"Canada","CAN","Refugee population by country or territory of origin","SM.POP.REFG.OR","","","","","","","","","","","","","","","","","","","","","","","","","","","","","","","","4","4","4","4","4","8","11","15","14","26","4","51","60","56","122","95","530","101","99","90","109","123","","",
"Central Europe and the Baltics","CEB","Refugee population by country or territory of origin","SM.POP.REFG.OR","","","","","","","","","","","","","","","","","","","","","","","","","","","","","","","90730","60785","218579","230375","163574","304331","349489","379281","362720","361682","351757","306045","320672","273473","248093","167220","128703","118509","112055","90157","78037","73982","72791","","",
"Switzerland","CHE","Refugee population by country or territory of origin","SM.POP.REFG.OR","","","","","","","","","","","","","","","","","","","","","","","","","","","","","","","","","","","8","27","33","55","77","0","70","61","56","35","12","16","36","31","32","18","19","20","17","","",
"Channel Islands","CHI","Refugee population by country or territory of origin","SM.POP.REFG.OR","","","","","","","","","","","","","","","","","","","","","","","","","","","","","","","","","","","","","","","","","","","","","","","","","","","","","","","",
"Chile","CHL","Refugee population by country or territory of origin","SM.POP.REFG.OR","","","","","","","","","","","","","","","","","","","","","","","","","","","","","","","14548","14007","14043","15267","15474","14273","12805","9776","7011","1457","860","834","1709","1555","1194","938","805","970","994","1312","1170","1189","1152","","",
"China","CHN","Refugee population by country or territory of origin","SM.POP.REFG.OR","","","","","","","","","","","","","","","","","","","","","","","","","","","","","","","1426","2011","82576","111509","113907","104693","105810","106738","109402","129007","110975","117409","132110","132406","134726","124101","140598","149095","175180","180558","184602","190369","193453","","",
"Cote d'Ivoire","CIV","Refugee population by country or territory of origin","SM.POP.REFG.OR","","","","","","","","","","","","","","","","","","","","","","","","","","","","","","","2","13","34","41","98","201","268","360","537","250","773","858","23741","33637","23653","18338","26315","22232","22227","23153","41758","154824","100720","","",
"Cameroon","CMR","Refugee population by country or territory of origin","SM.POP.REFG.OR","","","","","","","","","","","","","","","","","","","","","","","","","","","","","","","100","1","83","173","238","2017","2109","2258","1348","1361","2062","2724","5223","6206","7626","9101","10385","11508","13870","14766","14963","15163","13382","","",
"Congo, Rep.","COG","Refugee population by country or territory of origin","SM.POP.REFG.OR","","","","","","","","","","","","","","","","","","","","","","","","","","","","","","","2","4","7","11","32","177","221","21147","17143","27350","27579","24237","27994","28958","28149","24438","20608","19735","19925","20544","20679","12839","12119","","",
"Colombia","COL","Refugee population by country or territory of origin","SM.POP.REFG.OR","","","","","","","","","","","","","","","","","","","","","","","","","","","","","","","494","740","843","1042","1363","1902","2168","2377","3538","3537","9279","17938","30617","37995","47381","60450","72796","551744","373532","389753","395577","395949","394117","","",
"Comoros","COM","Refugee population by country or territory of origin","SM.POP.REFG.OR","","","","","","","","","","","","","","","","","","","","","","","","","","","","","","","4","2","2","2","5","10","13","10","33","22","28","26","43","58","50","61","72","96","378","268","368","422","454","","",
"Cabo Verde","CPV","Refugee population by country or territory of origin","SM.POP.REFG.OR","","","","","","","","","","","","","","","","","","","","","","","","","","","","","","","","","1","1","1","1","2","2","1","4","2","4","8","9","8","5","40","32","30","24","25","27","25","","",
"Costa Rica","CRI","Refugee population by country or territory of origin","SM.POP.REFG.OR","","","","","","","","","","","","","","","","","","","","","","","","","","","","","","","","1","5","5","223","211","139","90","54","4","57","86","98","92","138","178","284","361","354","344","352","331","325","","",
"Caribbean small states","CSS","Refugee population by country or territory of origin","SM.POP.REFG.OR","","","","","","","","","","","","","","","","","","","","","","","","","","","","","","","6627","5927","2549","901","1028","929","875","776","643","97","538","471","522","688","1001","1608","2298","3041","3320","3563","3872","4576","5155","","",
"Cuba","CUB","Refugee population by country or territory of origin","SM.POP.REFG.OR","","","","","","","","","","","","","","","","","","","","","","","","","","","","","","","13523","17615","21273","22406","23316","24854","25462","24913","23559","22626","20084","18959","18034","16093","15675","19000","33580","7503","7938","7549","7477","7856","7731","","",
"Curacao","CUW","Refugee population by country or territory of origin","SM.POP.REFG.OR","","","","","","","","","","","","","","","","","","","","","","","","","","","","","","","","","","","","","","","","","","","","","","","","","","","","","","","",
"Cayman Islands","CYM","Refugee population by country or territory of origin","SM.POP.REFG.OR","","","","","","","","","","","","","","","","","","","","","","","","","","","","","","","","","","","","","","","","","","","","","","","","","","","","1","1","","",
"Cyprus","CYP","Refugee population by country or territory of origin","SM.POP.REFG.OR","","","","","","","","","","","","","","","","","","","","","","","","","","","","","","","11","","","","6","9","10","8","11","4","11","5","7","5","2","5","5","9","10","11","13","11","11","","",
"Czech Republic","CZE","Refugee population by country or territory of origin","SM.POP.REFG.OR","","","","","","","","","","","","","","","","","","","","","","","","","","","","","","","6123","4491","3327","5015","4648","2039","977","698","1934","350","810","1179","6984","6702","4542","3589","2138","1384","1358","1067","817","763","622","","",
"Germany","DEU","Refugee population by country or territory of origin","SM.POP.REFG.OR","","","","","","","","","","","","","","","","","","","","","","","","","","","","","","","","4","4","8","449","386","420","443","688","57","1183","1033","928","725","78","78","114","129","166","170","164","174","182","","",
"Djibouti","DJI","Refugee population by country or territory of origin","SM.POP.REFG.OR","","","","","","","","","","","","","","","","","","","","","","","","","","","","","","","5","10","11","38","18068","18095","18101","8142","3219","1580","1910","452","470","522","495","504","485","648","650","622","566","602","640","","",
"Dominica","DMA","Refugee population by country or territory of origin","SM.POP.REFG.OR","","","","","","","","","","","","","","","","","","","","","","","","","","","","","","","","","","","","","1","1","1","1","2","5","6","17","25","30","49","58","56","53","52","52","54","","",
"Denmark","DNK","Refugee population by country or territory of origin","SM.POP.REFG.OR","","","","","","","","","","","","","","","","","","","","","","","","","","","","","","","","","","","11","18","34","33","28","0","25","3","8","10","10","12","12","14","11","10","9","9","9","","",
"Dominican Republic","DOM","Refugee population by country or territory of origin","SM.POP.REFG.OR","","","","","","","","","","","","","","","","","","","","","","","","","","","","","","","","","","1","29","30","29","47","42","7","47","46","83","92","97","67","150","358","318","230","246","250","289","","",
"Algeria","DZA","Refugee population by country or territory of origin","SM.POP.REFG.OR","","","","","","","","","","","","","","","","","","","","","","","","","","","","","","","19","55","71","86","20743","1520","2247","3418","5727","2978","8034","8419","12091","11667","10691","12041","8353","10615","9060","8185","6689","6121","5677","","",
"East Asia & Pacific (developing only)","EAP","Refugee population by country or territory of origin","SM.POP.REFG.OR","","","","","","","","","","","","","","","","","","","","","","","","","","","","","","","694681","712095","976759","1013131","930497","932862","891041","870786","839464","933349","849428","792396","784808","707877","711153","727807","804962","724623","740993","976628","987173","988923","990050","","",
"East Asia & Pacific (all income levels)","EAS","Refugee population by country or territory of origin","SM.POP.REFG.OR","","","","","","","","","","","","","","","","","","","","","","","","","","","","","","","694681","712100","976767","1013141","930793","933113","891211","870911","839599","933398","849550","792516","785145","708209","711527","728234","806634","726546","742465","977491","988066","989763","990937","","",
"Europe & Central Asia (developing only)","ECA","Refugee population by country or territory of origin","SM.POP.REFG.OR","","","","","","","","","","","","","","","","","","","","","","","","","","","","","","","66302","44638","1039085","1277967","1435477","1320678","1818959","1632194","1411335","1258317","944909","914336","1106499","984710","881439","752512","889552","595591","607445","547151","525450","492947","473753","","",
"Europe & Central Asia (all income levels)","ECS","Refugee population by country or territory of origin","SM.POP.REFG.OR","","","","","","","","","","","","","","","","","","","","","","","","","","","","","","","215825","226365","1439381","1719925","1820070","1809665","2325585","2196464","1932985","1637289","1328710","1257922","1505907","1342325","1227667","1005151","1167146","796240","814013","738922","708333","670594","652000","","",
"Ecuador","ECU","Refugee population by country or territory of origin","SM.POP.REFG.OR","","","","","","","","","","","","","","","","","","","","","","","","","","","","","","","3","27","40","47","174","206","221","217","512","331","671","653","818","730","727","775","887","1332","1066","1027","852","909","844","","",
"Egypt, Arab Rep.","EGY","Refugee population by country or territory of origin","SM.POP.REFG.OR","","","","","","","","","","","","","","","","","","","","","","","","","","","","","","","48","97","209","258","502","872","1202","1722","2612","2114","3953","4678","6442","5735","5376","6291","7613","6799","6780","6990","6913","7936","10020","","",
"Euro area","EMU","Refugee population by country or territory of origin","SM.POP.REFG.OR","","","","","","","","","","","","","","","","","","","","","","","","","","","","","","","28","13","70","28540","16160","14364","8138","8054","6498","4788","6228","3390","7644","7303","5739","5511","7595","1963","2004","2001","1757","1889","2083","","",
"Eritrea","ERI","Refugee population by country or territory of origin","SM.POP.REFG.OR","","","","","","","","","","","","","","","","","","","","","","","","","","","","","","","43","500633","503200","427213","422433","286712","332225","319077","346781","346714","376851","333229","318159","124121","131131","144066","193745","208748","186398","209168","222460","251954","285371","","",
"Spain","ESP","Refugee population by country or territory of origin","SM.POP.REFG.OR","","","","","","","","","","","","","","","","","","","","","","","","","","","","","","","","","","","42","36","218","215","60","11","80","48","58","53","49","49","2444","41","27","34","42","43","52","","",
"Estonia","EST","Refugee population by country or territory of origin","SM.POP.REFG.OR","","","","","","","","","","","","","","","","","","","","","","","","","","","","","","","","2","59","95","297","351","1310","1266","792","449","455","479","1060","1027","855","743","627","262","248","248","240","224","456","","",
"Ethiopia","ETH","Refugee population by country or territory of origin","SM.POP.REFG.OR","","","","","","","","","","","","","","","","","","","","","","","","","","","","","","","1345928","251241","313129","251828","226436","100987","96270","84401","70680","62530","66410","58997","61180","62677","63155","65461","74026","59858","63878","62889","68848","70610","74968","","",
"European Union","EUU","Refugee population by country or territory of origin","SM.POP.REFG.OR","","","","","","","","","","","","","","","","","","","","","","","","","","","","","","","90759","60797","218587","230389","164633","305418","351079","380822","364129","361921","353691","307498","322921","275486","249133","168834","131948","119385","112876","90931","78832","74820","73665","","",
"Fragile and conflict affected situations","FCS","Refugee population by country or territory of origin","SM.POP.REFG.OR","","","","","","","","","","","","","","","","","","","","","","","","","","","","","","","9665162","10366983","9447690","9102126","8115172","7582261","7963092","7361285","7023093","7067403","7992401","8085643","6758479","6020715","6205387","5634391","6854296","8293156","7541323","7466399","7689436","7626453","7854989","","",
"Finland","FIN","Refugee population by country or territory of origin","SM.POP.REFG.OR","","","","","","","","","","","","","","","","","","","","","","","","","","","","","","","","","","","","1","1","2","6","5","5","2","9","7","3","5","6","4","4","6","6","7","7","","",
"Fiji","FJI","Refugee population by country or territory of origin","SM.POP.REFG.OR","","","","","","","","","","","","","","","","","","","","","","","","","","","","","","","1","1","19","89","156","222","305","326","301","309","401","731","1072","1087","1281","1379","1686","1828","1868","1892","1851","1579","1317","","",
"France","FRA","Refugee population by country or territory of origin","SM.POP.REFG.OR","","","","","","","","","","","","","","","","","","","","","","","","","","","","","","","","","","","20","15","44","61","64","25","78","44","90","110","110","286","82","101","101","87","92","99","100","","",
"Faeroe Islands","FRO","Refugee population by country or territory of origin","SM.POP.REFG.OR","","","","","","","","","","","","","","","","","","","","","","","","","","","","","","","","","","","","","","","","","","","","","","","","","","","","","","","",
"Micronesia, Fed. Sts.","FSM","Refugee population by country or territory of origin","SM.POP.REFG.OR","","","","","","","","","","","","","","","","","","","","","","","","","","","","","","","","","","","","","","","","","","","","","","","","","","","","","","","",
"Gabon","GAB","Refugee population by country or territory of origin","SM.POP.REFG.OR","","","","","","","","","","","","","","","","","","","","","","","","","","","","","","","","","17","18","22","25","24","19","28","6","26","27","37","39","53","81","95","116","129","144","165","173","183","","",
"United Kingdom","GBR","Refugee population by country or territory of origin","SM.POP.REFG.OR","","","","","","","","","","","","","","","","","","","","","","","","","","","","","","","1","1","1","2","108","77","73","79","92","73","113","109","164","149","144","135","174","201","185","156","153","150","153","","",
"Georgia","GEO","Refugee population by country or territory of origin","SM.POP.REFG.OR","","","","","","","","","","","","","","","","","","","","","","","","","","","","","","","","","","6012","5117","308","48489","47164","35669","29067","21821","17498","16975","12497","6626","7301","6340","11810","12598","15020","10640","10112","9261","","",
"Ghana","GHA","Refugee population by country or territory of origin","SM.POP.REFG.OR","","","","","","","","","","","","","","","","","","","","","","","","","","","","","","","4691","4701","4776","4473","14289","13592","15095","14775","13633","12668","14775","14556","15686","15879","14772","18433","9960","5063","13242","14893","20203","20361","24298","","",
"Guinea","GIN","Refugee population by country or territory of origin","SM.POP.REFG.OR","","","","","","","","","","","","","","","","","","","","","","","","","","","","","","","","2","19","31","106","441","523","648","924","633","1497","2019","3418","3871","4782","5820","6840","8278","9495","10920","11985","13161","14061","","",
"Gambia, The","GMB","Refugee population by country or territory of origin","SM.POP.REFG.OR","","","","","","","","","","","","","","","","","","","","","","","","","","","","","","","4","15","24","26","30","161","310","421","570","592","750","734","859","746","684","1683","1254","1267","1352","1973","2242","2583","3076","","",
"Guinea-Bissau","GNB","Refugee population by country or territory of origin","SM.POP.REFG.OR","","","","","","","","","","","","","","","","","","","","","","","","","","","","","","","5003","5006","5008","5011","5015","830","856","868","8887","3162","886","927","986","975","1017","1050","1003","1028","1065","1109","1127","1123","1180","","",
"Equatorial Guinea","GNQ","Refugee population by country or territory of origin","SM.POP.REFG.OR","","","","","","","","","","","","","","","","","","","","","","","","","","","","","","","","60","114","214","342","343","397","473","420","425","509","529","552","591","552","477","461","407","384","344","305","258","228","","",
"Greece","GRC","Refugee population by country or territory of origin","SM.POP.REFG.OR","","","","","","","","","","","","","","","","","","","","","","","","","","","","","","","16","6","1","1","94","222","250","178","174","12","125","97","301","270","224","331","91","92","67","62","51","56","51","","",
"Grenada","GRD","Refugee population by country or territory of origin","SM.POP.REFG.OR","","","","","","","","","","","","","","","","","","","","","","","","","","","","","","","4","4","1","","3","6","11","12","20","1","24","53","73","77","99","152","202","297","312","333","345","323","316","","",
"Greenland","GRL","Refugee population by country or territory of origin","SM.POP.REFG.OR","","","","","","","","","","","","","","","","","","","","","","","","","","","","","","","","","","","","","","","","","","","","","","","","","","","","","","","",
"Guatemala","GTM","Refugee population by country or territory of origin","SM.POP.REFG.OR","","","","","","","","","","","","","","","","","","","","","","","","","","","","","","","47988","52587","53941","50267","49610","42899","40342","37508","32747","27182","20711","16867","13888","6696","4376","3379","6496","6161","5934","5768","5679","6088","6388","","",
"Guam","GUM","Refugee population by country or territory of origin","SM.POP.REFG.OR","","","","","","","","","","","","","","","","","","","","","","","","","","","","","","","","","","","","","","","","","","","","","","","","","","","","","","","",
"Guyana","GUY","Refugee population by country or territory of origin","SM.POP.REFG.OR","","","","","","","","","","","","","","","","","","","","","","","","","","","","","","","2","1","2","4","71","62","55","38","41","12","36","36","49","78","194","406","537","677","708","727","749","771","801","","",
"High income","HIC","Refugee population by country or territory of origin","SM.POP.REFG.OR","","","","","","","","","","","","","","","","","","","","","","","","","","","","","","","165015","196541","415073","457902","403426","506477","522711","577143","531573","381747","386898","346541","404157","362241","350430","256778","284925","210676","215698","200777","192543","188650","190351","","",
"Hong Kong SAR, China","HKG","Refugee population by country or territory of origin","SM.POP.REFG.OR","","","","","","","","","","","","","","","","","","","","","","","","","","","","","","","","","2","2","261","205","105","50","42","0","13","7","5","9","8","0","10","11","11","12","17","15","19","","",
"Honduras","HND","Refugee population by country or territory of origin","SM.POP.REFG.OR","","","","","","","","","","","","","","","","","","","","","","","","","","","","","","","18","21","41","448","1214","1219","1259","1246","1101","848","903","781","673","604","484","535","1035","1236","1116","1166","1302","1966","2613","","",
"Heavily indebted poor countries (HIPC)","HPC","Refugee population by country or territory of origin","SM.POP.REFG.OR","","","","","","","","","","","","","","","","","","","","","","","","","","","","","","","11718367","11131022","9715002","9404615","9204934","8084004","6803655","5976490","5785370","5773851","6925266","6804592","5578766","5094361","5377998","5022784","4931903","5606062","5273912","5390666","5709184","5893051","6008109","","",
"Croatia","HRV","Refugee population by country or territory of origin","SM.POP.REFG.OR","","","","","","","","","","","","","","","","","","","","","","","","","","","","","","","","","168571","151688","76256","245572","310088","349307","338089","346034","335199","290279","274806","230189","215477","119148","93767","100423","97012","76478","65861","62649","62606","","",
"Haiti","HTI","Refugee population by country or territory of origin","SM.POP.REFG.OR","","","","","","","","","","","","","","","","","","","","","","","","","","","","","","","2092","1858","2486","3866","9803","13925","15118","15481","13538","8582","7561","7248","7718","7547","9208","13542","20837","22280","23066","24116","25892","33661","38568","","",
"Hungary","HUN","Refugee population by country or territory of origin","SM.POP.REFG.OR","","","","","","","","","","","","","","","","","","","","","","","","","","","","","","","5767","4733","3993","5016","4471","2348","3083","2669","1242","825","518","953","3517","3395","2749","3519","3119","3386","1614","1537","1438","1238","1087","","",
"Indonesia","IDN","Refugee population by country or territory of origin","SM.POP.REFG.OR","","","","","","","","","","","","","","","","","","","","","","","","","","","","","","","7169","6164","6829","7924","8726","9836","11365","8799","9053","2214","9149","8970","9911","16240","27919","34384","34728","20558","19345","18213","16892","16079","15523","","",
"Isle of Man","IMN","Refugee population by country or territory of origin","SM.POP.REFG.OR","","","","","","","","","","","","","","","","","","","","","","","","","","","","","","","","","","","","","","","","","","","","","","","","","","","","","","","",
"India","IND","Refugee population by country or territory of origin","SM.POP.REFG.OR","","","","","","","","","","","","","","","","","","","","","","","","","","","","","","","198","408","1019","1492","3263","5011","7550","8924","9663","6549","11399","11571","14347","13706","13344","16285","17811","20466","19569","19514","17769","16232","14258","","",
"Not classified","INX","Refugee population by country or territory of origin","SM.POP.REFG.OR","","","","","","","","","","","","","","","","","","","","","","","","","","","","","","","","","","","","","","","","","","","","","","","","","","","","","","","",
"Ireland","IRL","Refugee population by country or territory of origin","SM.POP.REFG.OR","","","","","","","","","","","","","","","","","","","","","","","","","","","","","","","","","","","3","2","2","1","","","3","3","7","6","3","21","4","10","7","7","8","8","9","","",
"Iran, Islamic Rep.","IRN","Refugee population by country or territory of origin","SM.POP.REFG.OR","","","","","","","","","","","","","","","","","","","","","","","","","","","","","","","75889","130366","128781","115523","121287","112364","104129","93993","89979","68104","88278","92491","137945","122530","115177","99428","102483","68397","69061","72774","68791","72361","75940","","",
"Iraq","IRQ","Refugee population by country or territory of origin","SM.POP.REFG.OR","","","","","","","","","","","","","","","","","","","","","","","","","","","","","","","1133805","1321853","1343824","771077","749834","718719","714730","707338","675030","604002","526179","530511","422119","368580","311905","262299","1450905","2309245","1903519","1785212","1683579","1428308","746206","","",
"Iceland","ISL","Refugee population by country or territory of origin","SM.POP.REFG.OR","","","","","","","","","","","","","","","","","","","","","","","","","","","","","","","","","","","","","4","5","5","1","5","0","13","12","10","7","31","7","7","4","4","3","3","","",
"Israel","ISR","Refugee population by country or territory of origin","SM.POP.REFG.OR","","","","","","","","","","","","","","","","","","","","","","","","","","","","","","","16","28","40","118","887","937","1126","987","835","84","416","363","564","625","672","632","882","1541","1494","1310","1301","1335","1340","","",
"Italy","ITA","Refugee population by country or territory of origin","SM.POP.REFG.OR","","","","","","","","","","","","","","","","","","","","","","","","","","","","","","","","","1","3","146","121","112","112","79","7","48","34","224","207","192","217","105","90","62","45","50","58","66","","",
"Jamaica","JAM","Refugee population by country or territory of origin","SM.POP.REFG.OR","","","","","","","","","","","","","","","","","","","","","","","","","","","","","","","","","","3","7","10","18","21","27","15","37","37","147","259","350","489","660","766","826","909","1057","1250","1407","","",
"Jordan","JOR","Refugee population by country or territory of origin","SM.POP.REFG.OR","","","","","","","","","","","","","","","","","","","","","","","","","","","","","","","55","112","183","242","443","513","708","719","899","466","919","775","1293","1162","1170","1789","1603","1787","1890","2129","2254","2250","2368","","",
"Japan","JPN","Refugee population by country or territory of origin","SM.POP.REFG.OR","","","","","","","","","","","","","","","","","","","","","","","","","","","","","","","","","","","7","3","2","2","3","2","5","5","19","19","21","13","168","521","185","150","152","176","172","","",
"Kazakhstan","KAZ","Refugee population by country or territory of origin","SM.POP.REFG.OR","","","","","","","","","","","","","","","","","","","","","","","","","","","","","","","","","1","2","27","139","40163","40774","20459","8440","2537","2803","6315","6559","6121","4316","7377","5235","4825","3744","3632","3500","3571","","",
"Kenya","KEN","Refugee population by country or territory of origin","SM.POP.REFG.OR","","","","","","","","","","","","","","","","","","","","","","","","","","","","","","","10","33","63","85","8774","9327","9390","9570","6046","5433","2373","2559","3087","3163","3847","4640","5357","7546","9688","9620","8602","8745","8950","","",
"Kyrgyz Republic","KGZ","Refugee population by country or territory of origin","SM.POP.REFG.OR","","","","","","","","","","","","","","","","","","","","","","","","","","","","","","","","","","1","14","22","17118","16320","7449","3950","748","685","2950","3141","3284","3122","2488","2254","2517","2612","2744","3162","3489","","",
"Cambodia","KHM","Refugee population by country or territory of origin","SM.POP.REFG.OR","","","","","","","","","","","","","","","","","","","","","","","","","","","","","","","54364","43168","28851","9753","8538","61225","62244","103246","76576","38326","36855","34759","33456","31407","18121","17806","17965","17704","17253","17025","16314","15205","14024","","",
"Kiribati","KIR","Refugee population by country or territory of origin","SM.POP.REFG.OR","","","","","","","","","","","","","","","","","","","","","","","","","","","","","","","","","","","","","","","","","","","3","16","32","33","41","38","38","33","33","33","33","","",
"St. Kitts and Nevis","KNA","Refugee population by country or territory of origin","SM.POP.REFG.OR","","","","","","","","","","","","","","","","","","","","","","","","","","","","","","","","","","","","","","","","","","","2","1","1","31","2","2","4","4","7","9","12","","",
"Korea, Rep.","KOR","Refugee population by country or territory of origin","SM.POP.REFG.OR","","","","","","","","","","","","","","","","","","","","","","","","","","","","","","","","5","5","7","17","30","42","48","65","31","73","83","245","237","272","268","1334","1188","1104","573","585","514","558","","",
"Kosovo","","Refugee population by country or territory of origin","SM.POP.REFG.OR","","","","","","","","","","","","","","","","","","","","","","","","","","","","","","","","","","","","","","","","","","","","","","","","","","","","","","","",
"Kuwait","KWT","Refugee population by country or territory of origin","SM.POP.REFG.OR","","","","","","","","","","","","","","","","","","","","","","","","","","","","","","","44","47","74","89","756","762","854","825","830","555","692","701","712","616","398","381","617","746","854","938","988","1120","1197","","",
"Latin America & Caribbean (developing only)","LAC","Refugee population by country or territory of origin","SM.POP.REFG.OR","","","","","","","","","","","","","","","","","","","","","","","","","","","","","","","155364","160013","157851","141105","152256","141146","136499","130699","118899","102972","82444","84247","93174","89441","94677","116511","162636","623491","445447","460992","468993","482111","489295","","",
"Lao PDR","LAO","Refugee population by country or territory of origin","SM.POP.REFG.OR","","","","","","","","","","","","","","","","","","","","","","","","","","","","","","","135633","122326","96157","74501","54896","58193","46909","37367","29017","21231","16094","12631","11235","10363","16114","24442","26447","10013","8598","8398","8414","8088","7984","","",
"Lebanon","LBN","Refugee population by country or territory of origin","SM.POP.REFG.OR","","","","","","","","","","","","","","","","","","","","","","","","","","","","","","","6993","8501","10257","10635","15654","13515","10890","10235","9786","5196","10215","8763","26292","24932","19865","18323","12252","13094","12967","16260","15869","15013","15106","","",
"Liberia","LBR","Refugee population by country or territory of origin","SM.POP.REFG.OR","","","","","","","","","","","","","","","","","","","","","","","","","","","","","","","735689","673435","520915","704051","797835","744637","784008","493340","365398","293073","266930","244608","275438","353344","335441","231139","160548","91540","75213","71599","70129","66780","23428","","",
"Libya","LBY","Refugee population by country or territory of origin","SM.POP.REFG.OR","","","","","","","","","","","","","","","","","","","","","","","","","","","","","","","581","840","686","597","672","624","281","274","433","290","619","888","1455","1570","1720","1575","1573","1954","2084","2202","2309","4384","5251","","",
"St. Lucia","LCA","Refugee population by country or territory of origin","SM.POP.REFG.OR","","","","","","","","","","","","","","","","","","","","","","","","","","","","","","","","","","","","2","2","3","5","4","11","9","10","16","34","99","163","227","288","314","334","433","566","","",
"Latin America & Caribbean (all income levels)","LCN","Refugee population by country or territory of origin","SM.POP.REFG.OR","","","","","","","","","","","","","","","","","","","","","","","","","","","","","","","170755","174622","172324","156535","168121","155710","149535","140589","126018","104456","83389","85154","94996","91109","96010","117676","163822","624949","446951","462809","470691","484067","491274","","",
"Least developed countries: UN classification","LDC","Refugee population by country or territory of origin","SM.POP.REFG.OR","","","","","","","","","","","","","","","","","","","","","","","","","","","","","","","12258482","11676870","10465906","10198870","9888779","8741568","7448024","6621596","6404487","6529060","7739085","7613469","6279748","5641185","5840499","5491269","5435772","6075461","5704660","5994105","6276848","6329840","6458616","","",
"Low income","LIC","Refugee population by country or territory of origin","SM.POP.REFG.OR","","","","","","","","","","","","","","","","","","","","","","","","","","","","","","","11065081","10862155","9688921","9299127","8996592","7834210","6565594","5830789","5537111","5413947","6580620","6473801","5209216","4618644","4787553","4478643","4376145","5217061","4963660","5362230","5648067","5609308","5710345","","",
"Liechtenstein","LIE","Refugee population by country or territory of origin","SM.POP.REFG.OR","","","","","","","","","","","","","","","","","","","","","","","","","","","","","","","","","","","","","","","","","","","","","","","0","","","0","0","0","0","","",
"Sri Lanka","LKA","Refugee population by country or territory of origin","SM.POP.REFG.OR","","","","","","","","","","","","","","","","","","","","","","","","","","","","","","","208271","209349","128115","91845","114456","107589","109578","122287","114976","96279","124160","122420","132999","122010","114053","108139","116966","134952","137752","145721","141074","136617","132731","","",
"Lower middle income","LMC","Refugee population by country or territory of origin","SM.POP.REFG.OR","","","","","","","","","","","","","","","","","","","","","","","","","","","","","","","1644758","1353585","1619886","1684594","1799111","1798361","1953875","1787707","1720526","1868531","1618169","1777745","2018842","1948542","2043492","2022506","2007451","1754412","1672943","1383449","1405175","1609351","2411054","","",
"Low & middle income","LMY","Refugee population by country or territory of origin","SM.POP.REFG.OR","","","","","","","","","","","","","","","","","","","","","","","","","","","","","","","14439987","14142964","13995401","13355608","13276502","11925841","11107536","10055824","9569063","9408692","10253477","10332733","9370302","8414409","8430832","7904869","9223981","10834291","9932636","9856655","10040922","9921443","10022682","","",
"Lesotho","LSO","Refugee population by country or territory of origin","SM.POP.REFG.OR","","","","","","","","","","","","","","","","","","","","","","","","","","","","","","","4","4","","55","","","2","3","3","1","4","1","4","6","7","6","8","7","8","10","11","11","13","","",
"Lithuania","LTU","Refugee population by country or territory of origin","SM.POP.REFG.OR","","","","","","","","","","","","","","","","","","","","","","","","","","","","","","","4","4","8","11","63","109","662","649","282","243","163","216","1371","1541","1482","1448","942","466","490","501","515","528","491","","",
"Luxembourg","LUX","Refugee population by country or territory of origin","SM.POP.REFG.OR","","","","","","","","","","","","","","","","","","","","","","","","","","","","","","","","","","","","","","","","","","","0","0","6","1","2","2","0","0","0","0","0","","",
"Latvia","LVA","Refugee population by country or territory of origin","SM.POP.REFG.OR","","","","","","","","","","","","","","","","","","","","","","","","","","","","","","","","","4","4","93","160","1958","1915","1013","829","491","619","3082","3177","2826","2430","1424","662","763","791","713","709","662","","",
"Macao SAR, China","MAC","Refugee population by country or territory of origin","SM.POP.REFG.OR","","","","","","","","","","","","","","","","","","","","","","","","","","","","","","","","","","","","","1","1","1","1","6","8","15","15","20","9","9","9","9","9","10","10","1","","",
"St. Martin (French part)","MAF","Refugee population by country or territory of origin","SM.POP.REFG.OR","","","","","","","","","","","","","","","","","","","","","","","","","","","","","","","","","","","","","","","","","","","","","","","","","","","","","","","",
"Morocco","MAR","Refugee population by country or territory of origin","SM.POP.REFG.OR","","","","","","","","","","","","","","","","","","","","","","","","","","","","","","","15","44","91","105","180","301","297","310","353","231","392","363","1268","1291","1318","2920","4710","4039","3533","2286","2284","2312","2407","","",
"Monaco","MCO","Refugee population by country or territory of origin","SM.POP.REFG.OR","","","","","","","","","","","","","","","","","","","","","","","","","","","","","","","","","","","","","1","1","1","1","1","","1","1","","","0","0","","1","2","4","4","","",
"Moldova","MDA","Refugee population by country or territory of origin","SM.POP.REFG.OR","","","","","","","","","","","","","","","","","","","","","","","","","","","","","","","","","","6","458","529","5829","5141","2754","2159","2657","3737","10130","11146","11938","12064","11680","4918","5555","5925","6200","6264","6148","","",
"Madagascar","MDG","Refugee population by country or territory of origin","SM.POP.REFG.OR","","","","","","","","","","","","","","","","","","","","","","","","","","","","","","","","1","1","1","3","79","79","76","66","50","54","40","53","88","135","203","260","284","277","274","270","289","301","","",
"Maldives","MDV","Refugee population by country or territory of origin","SM.POP.REFG.OR","","","","","","","","","","","","","","","","","","","","","","","","","","","","","","","1","1","","","","","1","1","2","1","4","3","3","1","3","13","16","17","16","16","19","21","24","","",
"Middle East & North Africa (all income levels)","MEA","Refugee population by country or territory of origin","SM.POP.REFG.OR","","","","","","","","","","","","","","","","","","","","","","","","","","","","","","","1228229","1530356","1584149","985856","1019356","950070","945300","916343","878737","793676","761648","1005898","1062787","915116","845334","776961","1943224","2779179","2372429","2017484","1908927","1661705","1696515","","",
"Mexico","MEX","Refugee population by country or territory of origin","SM.POP.REFG.OR","","","","","","","","","","","","","","","","","","","","","","","","","","","","","","","","","","","248","361","520","665","1016","455","1291","1594","1670","1652","1744","2313","3304","5572","6162","6435","6816","7472","8435","","",
"Marshall Islands","MHL","Refugee population by country or territory of origin","SM.POP.REFG.OR","","","","","","","","","","","","","","","","","","","","","","","","","","","","","","","0","0","0","0","0","0","0","0","0","0","0","0","0","0","0","0","0","0","0","0","0","0","2","","",
"Middle income","MIC","Refugee population by country or territory of origin","SM.POP.REFG.OR","","","","","","","","","","","","","","","","","","","","","","","","","","","","","","","3374906","3280809","4306480","4056481","4279910","4091631","4541942","4225035","4031952","3994745","3672857","3858932","4161086","3795765","3643279","3426226","4847836","5617230","4968976","4494425","4392855","4312135","4312337","","",
"Macedonia, FYR","MKD","Refugee population by country or territory of origin","SM.POP.REFG.OR","","","","","","","","","","","","","","","","","","","","","","","","","","","","","","","","","","1897","347","12883","13041","12747","1939","3760","2176","12197","8072","5982","5104","8600","7940","8077","7521","7926","7889","7684","7589","","",
"Mali","MLI","Refugee population by country or territory of origin","SM.POP.REFG.OR","","","","","","","","","","","","","","","","","","","","","","","","","","","","","","","1","14704","71189","98572","172905","77219","55198","18015","3702","326","364","311","531","461","483","520","594","4494","1758","2926","3663","4295","149943","","",
"Malta","MLT","Refugee population by country or territory of origin","SM.POP.REFG.OR","","","","","","","","","","","","","","","","","","","","","","","","","","","","","","","1","1","1","","7","13","18","14","17","4","16","7","8","7","3","5","28","9","9","9","6","6","6","","",
"Myanmar","MMR","Refugee population by country or territory of origin","SM.POP.REFG.OR","","","","","","","","","","","","","","","","","","","","","","","","","","","","","","","28","40053","245130","281574","204510","152298","143017","135772","133407","131168","137128","145856","148497","151384","161013","164864","202826","191313","184413","406669","415670","414626","415371","","",
"Middle East & North Africa (developing only)","MNA","Refugee population by country or territory of origin","SM.POP.REFG.OR","","","","","","","","","","","","","","","","","","","","","","","","","","","","","","","1228129","1530228","1583981","985582","1017396","947987","942969","914044","876555","792876","760330","1004723","1061184","913536","843898","775698","1940663","2775644","2368897","2013969","1905279","1657643","1692084","","",
"Montenegro","MNE","Refugee population by country or territory of origin","SM.POP.REFG.OR","","","","","","","","","","","","","","","","","","","","","","","","","","","","","","","","","","","","","","","","","","","","","","","135","557","1283","2582","3246","3698","4054","","",
"Mongolia","MNG","Refugee population by country or territory of origin","SM.POP.REFG.OR","","","","","","","","","","","","","","","","","","","","","","","","","","","","","","","1","1","1","1","4","4","7","9","19","11","23","60","280","324","442","654","867","1101","1333","1495","1724","1985","2114","","",
"Northern Mariana Islands","MNP","Refugee population by country or territory of origin","SM.POP.REFG.OR","","","","","","","","","","","","","","","","","","","","","","","","","","","","","","","","","","","","","","","","","","","","","","","","","","","","","","","",
"Mozambique","MOZ","Refugee population by country or territory of origin","SM.POP.REFG.OR","","","","","","","","","","","","","","","","","","","","","","","","","","","","","","","1247992","1316636","1445474","1172550","234497","125562","34657","33652","59","14","30","46","129","111","104","104","231","222","208","136","131","155","160","","",
"Mauritania","MRT","Refugee population by country or territory of origin","SM.POP.REFG.OR","","","","","","","","","","","","","","","","","","","","","","","","","","","","","","","65999","79881","79594","67894","68043","84312","83234","70294","70224","29744","29752","29862","30135","30525","31131","31651","33428","33108","45601","39143","37733","39929","33765","","",
"Mauritius","MUS","Refugee population by country or territory of origin","SM.POP.REFG.OR","","","","","","","","","","","","","","","","","","","","","","","","","","","","","","","","","","","1","13","13","3","15","6","35","35","43","61","19","27","80","71","24","23","28","42","62","","",
"Malawi","MWI","Refugee population by country or territory of origin","SM.POP.REFG.OR","","","","","","","","","","","","","","","","","","","","","","","","","","","","","","","53","50","50","44","60","37","39","34","28","11","33","25","48","59","94","101","113","97","106","130","171","222","277","","",
"Malaysia","MYS","Refugee population by country or territory of origin","SM.POP.REFG.OR","","","","","","","","","","","","","","","","","","","","","","","","","","","","","","","","3","4","4","82","79","103","87","90","33","82","79","129","239","292","394","584","615","608","532","552","537","531","","",
"North America","NAC","Refugee population by country or territory of origin","SM.POP.REFG.OR","","","","","","","","","","","","","","","","","","","","","","","","","","","","","","","1","12","14","16","370","249","151","86","67","17","203","224","435","455","507","807","1451","2704","2238","2467","3116","3887","4579","","",
"Namibia","NAM","Refugee population by country or territory of origin","SM.POP.REFG.OR","","","","","","","","","","","","","","","","","","","","","","","","","","","","","","","532","204","15","133","65","13","12","2","1902","701","2308","2297","1302","1293","1314","1226","1202","1128","985","921","1017","1073","1098","","",
"New Caledonia","NCL","Refugee population by country or territory of origin","SM.POP.REFG.OR","","","","","","","","","","","","","","","","","","","","","","","","","","","","","","","","","","","","","","","","","","","","","","","","","","","","","","","",
"Niger","NER","Refugee population by country or territory of origin","SM.POP.REFG.OR","","","","","","","","","","","","","","","","","","","","","","","","","","","","","","","","2","22008","22307","22024","10291","10361","2788","423","494","493","483","834","728","689","655","818","827","796","822","803","819","832","","",
"Nigeria","NGA","Refugee population by country or territory of origin","SM.POP.REFG.OR","","","","","","","","","","","","","","","","","","","","","","","","","","","","","","","16","23","76","100","592","1939","4754","3059","3999","3054","5742","6084","24568","24428","23897","22128","13253","13904","14169","15609","15642","17141","18021","","",
"Nicaragua","NIC","Refugee population by country or territory of origin","SM.POP.REFG.OR","","","","","","","","","","","","","","","","","","","","","","","","","","","","","","","52618","46789","44275","33052","28591","23938","22820","22494","21389","20309","5071","4399","4048","3983","1821","1463","1828","1900","1537","1478","1431","1468","1531","","",
"Netherlands","NLD","Refugee population by country or territory of origin","SM.POP.REFG.OR","","","","","","","","","","","","","","","","","","","","","","","","","","","","","","","","","","","75","85","96","77","57","5","152","4","256","271","48","159","39","43","46","44","53","64","71","","",
"High income: nonOECD","NOC","Refugee population by country or territory of origin","SM.POP.REFG.OR","","","","","","","","","","","","","","","","","","","","","","","","","","","","","","","118678","156342","383060","395551","329889","454883","488403","551918","514074","373973","377719","337722","372657","333063","329411","227513","258186","197822","204405","190400","182344","177538","178605","","",
"Norway","NOR","Refugee population by country or territory of origin","SM.POP.REFG.OR","","","","","","","","","","","","","","","","","","","","","","","","","","","","","","","","","","","2","1","1","3","4","2","4","3","5","6","5","15","4","3","4","4","7","7","9","","",
"Nepal","NPL","Refugee population by country or territory of origin","SM.POP.REFG.OR","","","","","","","","","","","","","","","","","","","","","","","","","","","","","","","","","1","1","4","27","44","52","101","143","235","306","902","1231","1416","2065","2647","3364","4189","5108","5889","6854","7612","","",
"New Zealand","NZL","Refugee population by country or territory of origin","SM.POP.REFG.OR","","","","","","","","","","","","","","","","","","","","","","","","","","","","","","","","","","","","","","","","","0","0","2","1","3","4","8","13","10","10","15","18","20","","",
"High income: OECD","OEC","Refugee population by country or territory of origin","SM.POP.REFG.OR","","","","","","","","","","","","","","","","","","","","","","","","","","","","","","","46337","40199","32013","62351","73537","51594","34308","25225","17499","7774","9179","8819","31500","29178","21019","29265","26739","12854","11293","10377","10199","11112","11746","","",
"OECD members","OED","Refugee population by country or territory of origin","SM.POP.REFG.OR","","","","","","","","","","","","","","","","","","","","","","","","","","","","","","","57612","51384","46095","84135","107129","99169","88265","75900","64776","45985","58143","58456","230420","219323","200097","205658","260394","243751","233447","164736","165247","159601","156640","","",
"Oman","OMN","Refugee population by country or territory of origin","SM.POP.REFG.OR","","","","","","","","","","","","","","","","","","","","","","","","","","","","","","","","","","","3","10","10","10","11","2","5","5","19","11","16","12","38","43","56","64","63","60","65","","",
"Other small states","OSS","Refugee population by country or territory of origin","SM.POP.REFG.OR","","","","","","","","","","","","","","","","","","","","","","","","","","","","","","","5617","14879","80692","90866","127437","124656","126780","118760","120896","276600","237676","188975","145034","108496","109781","112002","113301","116107","111422","97257","84368","68233","52889","","",
"Pakistan","PAK","Refugee population by country or territory of origin","SM.POP.REFG.OR","","","","","","","","","","","","","","","","","","","","","","","","","","","","","","","486","525","1086","1422","4430","5277","7502","5985","6864","3898","10133","12324","23167","24389","25949","29913","25639","31858","32403","35132","39982","35952","49785","","",
"Panama","PAN","Refugee population by country or territory of origin","SM.POP.REFG.OR","","","","","","","","","","","","","","","","","","","","","","","","","","","","","","","629","640","652","677","486","160","149","122","85","19","67","37","44","30","40","42","75","109","111","105","100","100","107","","",
"Peru","PER","Refugee population by country or territory of origin","SM.POP.REFG.OR","","","","","","","","","","","","","","","","","","","","","","","","","","","","","","","256","475","727","1970","4332","5904","6696","6610","7066","6382","6944","6502","6397","5581","4769","4865","6986","7743","7339","6271","5834","5491","5212","","",
"Philippines","PHL","Refugee population by country or territory of origin","SM.POP.REFG.OR","","","","","","","","","","","","","","","","","","","","","","","","","","","","","","","10","15","46","113","436","516","598","525","45598","45454","45482","45467","45609","412","434","465","886","1552","1354","993","970","952","986","","",
"Palau","PLW","Refugee population by country or territory of origin","SM.POP.REFG.OR","","","","","","","","","","","","","","","","","","","","","","","","","","","","","","","","","","","","","","","","","","","","","","","0","1","1","0","0","0","0","","",
"Papua New Guinea","PNG","Refugee population by country or territory of origin","SM.POP.REFG.OR","","","","","","","","","","","","","","","","","","","","","","","","","","","","","","","","","","","","2000","2008","808","220","1","8","8","16","18","18","23","31","36","46","70","89","128","174","","",
"Poland","POL","Refugee population by country or territory of origin","SM.POP.REFG.OR","","","","","","","","","","","","","","","","","","","","","","","","","","","","","","","25632","21643","14518","13390","35938","19732","12869","7294","1880","1802","865","3191","16712","15211","10677","19641","13513","2915","2391","2059","1764","1815","1640","","",
"Puerto Rico","PRI","Refugee population by country or territory of origin","SM.POP.REFG.OR","","","","","","","","","","","","","","","","","","","","","","","","","","","","","","","","","","","12","12","12","","","","","","","","","","","","","0","0","0","0","","",
"Korea, Dem. Rep.","PRK","Refugee population by country or territory of origin","SM.POP.REFG.OR","","","","","","","","","","","","","","","","","","","","","","","","","","","","","","","","","","","3","7","11","1","9","11","13","19","259","304","343","288","398","605","886","881","917","1052","1132","","",
"Portugal","PRT","Refugee population by country or territory of origin","SM.POP.REFG.OR","","","","","","","","","","","","","","","","","","","","","","","","","","","","","","","","","","","25","25","217","213","18","13","23","17","62","55","47","74","25","32","36","31","30","28","32","","",
"Paraguay","PRY","Refugee population by country or territory of origin","SM.POP.REFG.OR","","","","","","","","","","","","","","","","","","","","","","","","","","","","","","","19","8","9","14","63","51","44","20","21","5","19","8","31","32","37","44","105","102","101","77","86","91","101","","",
"Pacific island small states","PSS","Refugee population by country or territory of origin","SM.POP.REFG.OR","","","","","","","","","","","","","","","","","","","","","","","","","","","","","","","1","1","19","89","157","259","345","367","341","312","442","778","1140","1178","1382","1443","1777","1924","1972","1996","1967","1697","1429","","",
"French Polynesia","PYF","Refugee population by country or territory of origin","SM.POP.REFG.OR","","","","","","","","","","","","","","","","","","","","","","","","","","","","","","","","","","","","","","","","","","","","","","1","1","0","","0","0","0","0","","",
"Qatar","QAT","Refugee population by country or territory of origin","SM.POP.REFG.OR","","","","","","","","","","","","","","","","","","","","","","","","","","","","","","","","","","","49","30","18","19","23","2","1","0","8","13","10","11","52","62","71","68","112","95","124","","",
"Romania","ROU","Refugee population by country or territory of origin","SM.POP.REFG.OR","","","","","","","","","","","","","","","","","","","","","","","","","","","","","","","51282","27177","25118","23572","22278","16978","11871","8951","10921","5760","7348","6052","8846","8387","6045","11502","7234","5306","4756","4358","3934","3428","2807","","",
"Russian Federation","RUS","Refugee population by country or territory of origin","SM.POP.REFG.OR","","","","","","","","","","","","","","","","","","","","","","","","","","","","","","","117736","155576","213802","243312","251393","207034","173723","198063","172730","25676","40310","45156","91611","96420","108100","103037","159382","93224","103061","109455","111948","109785","110588","","",
"Rwanda","RWA","Refugee population by country or territory of origin","SM.POP.REFG.OR","","","","","","","","","","","","","","","","","","","","","","","","","","","","","","","361322","431240","434736","450462","2257573","1819366","469136","68003","77743","86647","119056","84513","75251","75263","63308","100264","92966","80964","72530","129109","114836","106833","97373","","",
"South Asia","SAS","Refugee population by country or territory of origin","SM.POP.REFG.OR","","","","","","","","","","","","","","","","","","","","","","","","","","","","","","","6548528","6526699","4811737","3611828","3012792","2958743","2963692","2966999","2909068","2785478","3847613","4072784","2800016","2406923","2680227","2436405","2386474","3367196","3142120","3192116","3344561","2928157","2842313","","",
"Saudi Arabia","SAU","Refugee population by country or territory of origin","SM.POP.REFG.OR","","","","","","","","","","","","","","","","","","","","","","","","","","","","","","","","","","7","183","260","242","358","362","38","77","35","212","236","214","151","617","753","712","633","667","745","818","","",
"Sudan","SDN","Refugee population by country or territory of origin","SM.POP.REFG.OR","","","","","","","","","","","","","","","","","","","","","","","","","","","","","","","523998","196242","267767","393871","405135","445280","475305","364589","390013","478516","494363","489950","508871","606242","730647","693632","686311","523032","419248","368195","387288","500014","568943","","",
"Senegal","SEN","Refugee population by country or territory of origin","SM.POP.REFG.OR","","","","","","","","","","","","","","","","","","","","","","","","","","","","","","","60006","25138","15466","22601","25622","17592","17631","17163","9716","11512","11088","8559","12069","8351","8332","8671","15163","15896","16006","16305","16267","17722","18724","","",
"Singapore","SGP","Refugee population by country or territory of origin","SM.POP.REFG.OR","","","","","","","","","","","","","","","","","","","","","","","","","","","","","","","","","1","1","9","9","19","22","23","12","22","16","39","35","36","39","111","116","109","80","76","67","68","","",
"Solomon Islands","SLB","Refugee population by country or territory of origin","SM.POP.REFG.OR","","","","","","","","","","","","","","","","","","","","","","","","","","","","","","","","","","","","34","34","34","34","","34","42","54","60","61","27","38","48","52","66","75","72","61","","",
"Sierra Leone","SLE","Refugee population by country or territory of origin","SM.POP.REFG.OR","","","","","","","","","","","","","","","","","","","","","","","","","","","","","","","9","142614","253592","311183","275302","379495","375104","329327","406077","488869","402807","179113","141472","70580","41797","40477","42862","32127","32536","15417","11275","8002","6202","","",
"El Salvador","SLV","Refugee population by country or territory of origin","SM.POP.REFG.OR","","","","","","","","","","","","","","","","","","","","","","","","","","","","","","","30019","33049","30855","26124","30735","23535","19639","17126","12591","11790","7756","7150","6632","5658","4497","4281","6388","6022","5151","5051","4976","6720","8171","","",
"San Marino","SMR","Refugee population by country or territory of origin","SM.POP.REFG.OR","","","","","","","","","","","","","","","","","","","","","","","","","","","","","","","","","","","","","","2","4","4","4","","3","1","1","1","2","2","1","1","2","1","1","","",
"Somalia","SOM","Refugee population by country or territory of origin","SM.POP.REFG.OR","","","","","","","","","","","","","","","","","","","","","","","","","","","","","","","470174","732594","812195","574617","631426","638698","636985","608094","557959","481904","475655","440134","432254","402336","389304","395553","464252","457356","561155","678309","770154","1077048","1136719","","",
"Serbia","SRB","Refugee population by country or territory of origin","SM.POP.REFG.OR","","","","","","","","","","","","","","","","","","","","","","","","","","","","","","","","","","","","","","","","","","","","","","","174027","165643","185935","195626","183289","161671","157929","","",
"Sub-Saharan Africa (developing only)","SSA","Refugee population by country or territory of origin","SM.POP.REFG.OR","","","","","","","","","","","","","","","","","","","","","","","","","","","","","","","5746983","5169291","5425988","6325995","6728084","5624425","4354376","3541102","3413742","3535700","3768753","3464247","3524621","3311922","3219438","3095936","3039694","2747746","2627734","2665799","2809466","3371662","3535187","","",
"South Sudan","SSD","Refugee population by country or territory of origin","SM.POP.REFG.OR","","","","","","","","","","","","","","","","","","","","","","","","","","","","","","","","","","","","","","","","","","","","","","","","","","","","1","87009","","",
"Sub-Saharan Africa (all income levels)","SSF","Refugee population by country or territory of origin","SM.POP.REFG.OR","","","","","","","","","","","","","","","","","","","","","","","","","","","","","","","5746983","5169351","5426102","6326209","6728426","5624768","4354773","3541575","3414162","3536125","3769262","3464776","3525173","3312513","3219990","3096413","3040155","2748153","2628118","2666143","2809771","3371920","3535415","","",
"Small states","SST","Refugee population by country or territory of origin","SM.POP.REFG.OR","","","","","","","","","","","","","","","","","","","","","","","","","","","","","","","12245","20807","83260","91856","128622","125844","128000","119903","121880","277009","238656","190224","146696","110362","112164","115053","117376","121072","116714","102816","90207","74506","59473","","",
"Sao Tome and Principe","STP","Refugee population by country or territory of origin","SM.POP.REFG.OR","","","","","","","","","","","","","","","","","","","","","","","","","","","","","","","1","1","1","1","30","36","49","43","42","29","25","23","39","42","39","24","32","33","35","33","33","33","32","","",
"Suriname","SUR","Refugee population by country or territory of origin","SM.POP.REFG.OR","","","","","","","","","","","","","","","","","","","","","","","","","","","","","","","6620","5921","2545","893","915","817","754","663","491","42","334","237","103","70","51","29","66","63","50","45","25","20","15","","",
"Slovak Republic","SVK","Refugee population by country or territory of origin","SM.POP.REFG.OR","","","","","","","","","","","","","","","","","","","","","","","","","","","","","","","","","","","12","26","57","70","143","118","220","191","595","667","619","791","741","342","331","334","158","269","239","","",
"Slovenia","SVN","Refugee population by country or territory of origin","SM.POP.REFG.OR","","","","","","","","","","","","","","","","","","","","","","","","","","","","","","","","","","28429","14829","12860","3368","3414","3302","3227","3284","765","858","610","582","155","1760","52","52","39","38","32","34","","",
"Sweden","SWE","Refugee population by country or territory of origin","SM.POP.REFG.OR","","","","","","","","","","","","","","","","","","","","","","","","","","","","","","","","","","","11","25","38","40","41","1","18","5","28","32","29","75","16","16","15","19","25","24","20","","",
"Swaziland","SWZ","Refugee population by country or territory of origin","SM.POP.REFG.OR","","","","","","","","","","","","","","","","","","","","","","","","","","","","","","","","","","1","13","15","17","20","30","1","16","15","19","5","14","13","22","25","32","32","36","43","65","","",
"Sint Maarten (Dutch part)","SXM","Refugee population by country or territory of origin","SM.POP.REFG.OR","","","","","","","","","","","","","","","","","","","","","","","","","","","","","","","","","","","","","","","","","","","","","","","","","","","","","","","",
"Seychelles","SYC","Refugee population by country or territory of origin","SM.POP.REFG.OR","","","","","","","","","","","","","","","","","","","","","","","","","","","","","","","60","69","54","28","553","339","138","33","39","3","23","13","44","38","44","40","61","55","53","49","49","42","29","","",
"Syrian Arab Republic","SYR","Refugee population by country or territory of origin","SM.POP.REFG.OR","","","","","","","","","","","","","","","","","","","","","","","","","","","","","","","2148","3037","4408","5404","7087","7994","8609","8653","8126","4645","5871","4869","18898","20819","21440","16401","12338","13690","15211","17914","18452","19931","729022","","",
"Turks and Caicos Islands","TCA","Refugee population by country or territory of origin","SM.POP.REFG.OR","","","","","","","","","","","","","","","","","","","","","","","","","","","","","","","","","","","","","","","","","","","","","","","1","1","1","1","1","14","14","","",
"Chad","TCD","Refugee population by country or territory of origin","SM.POP.REFG.OR","","","","","","","","","","","","","","","","","","","","","","","","","","","","","","","184806","72319","66381","212932","211971","59727","58445","55025","61298","58413","54962","46294","47349","52275","52663","48400","36300","55722","55105","55014","53733","42640","39694","","",
"Togo","TGO","Refugee population by country or territory of origin","SM.POP.REFG.OR","","","","","","","","","","","","","","","","","","","","","","","","","","","","","","","6","18","106","291060","167871","93155","25593","7187","3506","3305","4016","4354","10447","10614","10818","51107","27332","22502","16750","18378","18330","17871","15693","","",
"Thailand","THA","Refugee population by country or territory of origin","SM.POP.REFG.OR","","","","","","","","","","","","","","","","","","","","","","","","","","","","","","","20","30","35","36","137","211","284","272","295","62","217","94","345","296","319","424","3325","2325","1815","502","356","368","381","","",
"Tajikistan","TJK","Refugee population by country or territory of origin","SM.POP.REFG.OR","","","","","","","","","","","","","","","","","","","","","","","","","","","","","","","","","60008","70108","57144","58956","107503","75878","56349","44981","59940","56108","63264","58936","56775","54753","645","894","544","562","577","612","674","","",
"Turkmenistan","TKM","Refugee population by country or territory of origin","SM.POP.REFG.OR","","","","","","","","","","","","","","","","","","","","","","","","","","","","","","","","","","","7","47","2937","3181","1562","988","300","310","798","840","812","820","692","678","736","743","738","726","723","","",
"Timor-Leste","TLS","Refugee population by country or territory of origin","SM.POP.REFG.OR","","","","","","","","","","","","","","","","","","","","","","","","","","","","","","","","","","","","","","","","162472","122202","73042","28097","127","221","251","251","6","7","7","8","8","9","","",
"Tonga","TON","Refugee population by country or territory of origin","SM.POP.REFG.OR","","","","","","","","","","","","","","","","","","","","","","","","","","","","","","","","","","","","","3","3","2","2","3","1","8","12","5","4","6","5","7","5","6","10","13","","",
"Trinidad and Tobago","TTO","Refugee population by country or territory of origin","SM.POP.REFG.OR","","","","","","","","","","","","","","","","","","","","","","","","","","","","","","","1","1","1","1","13","14","16","21","26","7","24","16","35","38","41","63","153","211","231","240","255","297","333","","",
"Tunisia","TUN","Refugee population by country or territory of origin","SM.POP.REFG.OR","","","","","","","","","","","","","","","","","","","","","","","","","","","","","","","42","63","86","104","212","333","406","698","932","907","1207","1368","2542","2563","2518","3129","2844","2507","2349","2260","2174","1952","1935","","",
"Turkey","TUR","Refugee population by country or territory of origin","SM.POP.REFG.OR","","","","","","","","","","","","","","","","","","","","","","","","","","","","","","","5508","6452","10089","16768","28873","44866","50354","47341","45019","36931","47155","47090","193733","185098","174585","170561","227232","221939","214378","146387","146794","139779","135372","","",
"Tuvalu","TUV","Refugee population by country or territory of origin","SM.POP.REFG.OR","","","","","","","","","","","","","","","","","","","","","","","","","","","","","","","","","","","","3","3","3","3","","3","3","3","3","3","0","3","2","2","0","0","1","1","","",
"Tanzania","TZA","Refugee population by country or territory of origin","SM.POP.REFG.OR","","","","","","","","","","","","","","","","","","","","","","","","","","","","","","","8","11","20","32","62","68","65","66","102","38","313","378","577","711","985","1549","1668","1255","1270","1204","1144","1163","1122","","",
"Uganda","UGA","Refugee population by country or territory of origin","SM.POP.REFG.OR","","","","","","","","","","","","","","","","","","","","","","","","","","","","","","","58820","39386","32456","33415","31450","24166","28339","55241","13301","10764","32414","40141","40409","35247","31960","34225","21751","21341","7548","7554","6441","5680","5608","","",
"Ukraine","UKR","Refugee population by country or territory of origin","SM.POP.REFG.OR","","","","","","","","","","","","","","","","","","","","","","","","","","","","","","","","","38","134","915","1701","6107","6348","4596","11289","19312","26716","85263","94148","89587","84228","63723","25985","28424","24522","25111","25379","25256","","",
"Upper middle income","UMC","Refugee population by country or territory of origin","SM.POP.REFG.OR","","","","","","","","","","","","","","","","","","","","","","","","","","","","","","","1730148","1927224","2686594","2371887","2480799","2293270","2588067","2437328","2311426","2126214","2054688","2081187","2142244","1847223","1599787","1403720","2840385","3862818","3296033","3110976","2987680","2702784","1901283","","",
"Uruguay","URY","Refugee population by country or territory of origin","SM.POP.REFG.OR","","","","","","","","","","","","","","","","","","","","","","","","","","","","","","","842","601","429","162","362","262","201","89","74","16","51","46","61","57","81","111","164","197","199","188","186","184","171","","",
"United States","USA","Refugee population by country or territory of origin","SM.POP.REFG.OR","","","","","","","","","","","","","","","","","","","","","","","","","","","","","","","1","8","10","12","366","245","143","75","51","3","176","219","383","395","451","683","1356","2174","2137","2368","3026","3778","4456","","",
"Uzbekistan","UZB","Refugee population by country or territory of origin","SM.POP.REFG.OR","","","","","","","","","","","","","","","","","","","","","","","","","","","","","","","","","","2","29060","143","69747","69069","51729","45364","3628","3458","6881","7391","4050","8323","9101","5663","6308","6669","8840","12664","11593","","",
"St. Vincent and the Grenadines","VCT","Refugee population by country or territory of origin","SM.POP.REFG.OR","","","","","","","","","","","","","","","","","","","","","","","","","","","","","","","","","","","7","7","13","13","24","","48","67","81","105","181","279","387","646","750","849","946","1127","1316","","",
"Venezuela, RB","VEN","Refugee population by country or territory of origin","SM.POP.REFG.OR","","","","","","","","","","","","","","","","","","","","","","","","","","","","","","","","1","4","135","371","476","557","608","570","52","471","466","526","598","1256","2590","3828","5094","5807","6221","6701","7577","8208","","",
"Virgin Islands (U.S.)","VIR","Refugee population by country or territory of origin","SM.POP.REFG.OR","","","","","","","","","","","","","","","","","","","","","","","","","","","","","","","","","","","","","","","","","","","","","","","","","","","","","","","",
"Vietnam","VNM","Refugee population by country or territory of origin","SM.POP.REFG.OR","","","","","","","","","","","","","","","","","","","","","","","","","","","","","","","496029","498323","517111","527627","539101","543541","518340","476795","435437","403047","370758","353224","373724","363179","349809","358268","374279","327776","328183","339289","338698","337829","336939","","",
"Vanuatu","VUT","Refugee population by country or territory of origin","SM.POP.REFG.OR","","","","","","","","","","","","","","","","","","","","","","","","","","","","","","","","","","","","","","","","","","","","","","","","","0","0","1","1","1","","",
"West Bank and Gaza","PSE","Refugee population by country or territory of origin","SM.POP.REFG.OR","","","","","","","","","","","","","","","","","","","","","","","","","","","","","","","8521","65177","95343","81474","82564","72768","80215","76821","77524","100596","110640","349161","428765","350568","350617","349673","334142","341237","340016","95201","93323","94150","94918","","",
"World","WLD","Refugee population by country or territory of origin","SM.POP.REFG.OR","","","","","","","","","","","","","","","","","","","","","","","","","","","","","","","19813209","19421342","20541628","19198115","18776307","18068728","16665220","15484459","15054242","15367240","15870654","15958783","14619749","13729244","13792790","13011934","14326132","15951787","15161623","15163210","15516350","15202525","","","",
"Samoa","WSM","Refugee population by country or territory of origin","SM.POP.REFG.OR","","","","","","","","","","","","","","","","","","","","","","","","","","","","","","","","","","","1","","","1","1","1","1","1","0","0","","","3","2","4","0","1","1","1","","",
"Yemen, Rep.","YEM","Refugee population by country or territory of origin","SM.POP.REFG.OR","","","","","","","","","","","","","","","","","","","","","","","","","","","","","","","8","73","31","39","150","369","1154","1721","1935","1767","2113","1985","1604","1597","1606","1325","1362","1632","1777","1934","2076","2323","2594","","",
"South Africa","ZAF","Refugee population by country or territory of origin","SM.POP.REFG.OR","","","","","","","","","","","","","","","","","","","","","","","","","","","","","","","14783","11206","9241","9094","1514","488","290","244","188","91","168","123","275","288","275","268","510","474","453","384","380","429","420","","",
"Congo, Dem. Rep.","COD","Refugee population by country or territory of origin","SM.POP.REFG.OR","","","","","","","","","","","","","","","","","","","","","","","","","","","","","","","67423","65816","81269","74826","73286","89738","158794","173995","158833","250034","371713","392146","421350","453465","461042","430929","401914","370386","367995","455852","476693","491481","509290","","",
"Zambia","ZMB","Refugee population by country or territory of origin","SM.POP.REFG.OR","","","","","","","","","","","","","","","","","","","","","","","","","","","","","","","1","1","1990","1574","16","20","40","63","77","35","98","62","92","100","124","151","204","196","195","206","228","240","243","","",
"Zimbabwe","ZWE","Refugee population by country or territory of origin","SM.POP.REFG.OR","","","","","","","","","","","","","","","","","","","","","","","","","","","","","","","4","128","9","17","42","36","34","38","42","14","109","257","4030","7162","9566","11251","12781","14374","16841","22449","24089","25048","22101","","",
